{
  "pressure": {
    "bar": 1e5,
    "mBar": 1e2,
    "Pa": 1,
    "hPa": 1e2,
    "kPa": 1e3,
    "MPa": 1e6,
    "mmHg": 133.322368,
    "atm": 101325
  },
  "mass": {
    "kg": 1,
    "g": 1e-3,
    "lb": 0.45359237
  },
  "length": {
    "m": 1,
    "dm": 1e-1,
    "cm": 1e-2,
    "mm": 1e-3,
    "in": 25.4e-3
  },
  "surface": {
    "to": "do"
  },
  "volume": {
    "m^3": 1,
    "m3": 1,
    "dm^3": 1e-3,
    "dm3": 1e-3,
    "cm^3": 1e-6,
    "cm3": 1e-6,
    "mm^3": 1e-9,
    "mm3": 1e-9,
    "cc": 1e-6,
    "l": 1e-3,
    "ml": 1e-6,
    "liter": 1e-3,
    "ltr": 1e-3,
    "ft^3": 0.0283168466,
    "ft3": 0.0283168466,
    "cu^3": 1.6387064e-5,
    "cu3": 1.6387064e-5
  },
  "time": {
    "s": 1,
    "ms": 1e-3,
    "us": 1e-6,
    "min": 60,
    "h": 3600,
    "hour": 3600
  }
}
