{
    "name": "espcam_120_deg",
    "camera_matrix": [
        528.9573955526965,
        0.0,
        413.1850225890711,
        0.0,
        529.3236958969044,
        289.11248337676443,
        0.0,
        0.0,
        1.0
    ],
    "distortion_coefs": [
        -0.38551131747123213,
        0.19522675135069437,
        0.004704434461313432,
        0.004605827406925338,
        -0.05534606707388027
    ],
    "new_camera_matrix": [
        441.78594970703125,
        0.0,
        392.3306282756166,
        0.0,
        462.87091064453125,
        292.51434401238294,
        0.0,
        0.0,
        1.0
    ]
}